"record_id","affect_type","h","hn","hp","l","ln","lp","n","p"
"test_1","actual",3,3,3,3.66666666666667,3.33333333333333,3.2,2.66666666666667,3
"test_1","ideal",2.33333333333333,2.33333333333333,3,3.66666666666667,2.66666666666667,2.8,2.66666666666667,2.33333333333333
"test_2","actual",3.33333333333333,2.66666666666667,3.25,3,2.66666666666667,2.8,3.33333333333333,3
"test_2","ideal",2.66666666666667,3.33333333333333,2.75,3,3.33333333333333,3.2,2.66666666666667,3
"test_3","actual",2.66666666666667,4,2.5,2.66666666666667,3,3.6,3,3.33333333333333
"test_3","ideal",3,3.33333333333333,2.25,2.66666666666667,2.66666666666667,3.4,2.66666666666667,2.66666666666667
