"record_id","affect_type","h","hn","hp","l","ln","lp","n","p"
"test_1","actual",3,3,2.33333333333333,2.33333333333333,3.33333333333333,3.33333333333333,2.66666666666667,3
"test_1","ideal",2.33333333333333,2.33333333333333,3,4.33333333333333,2.66666666666667,2.66666666666667,2.66666666666667,2.33333333333333
"test_2","actual",3.33333333333333,2.66666666666667,3.66666666666667,2.66666666666667,2.66666666666667,3.33333333333333,3.33333333333333,3
"test_2","ideal",2.66666666666667,3.33333333333333,2.33333333333333,3.33333333333333,3.33333333333333,2.66666666666667,2.66666666666667,3
"test_3","actual",2.66666666666667,4,2.33333333333333,3,3,4,3,3.33333333333333
"test_3","ideal",3,3.33333333333333,2.33333333333333,1.66666666666667,2.66666666666667,2.66666666666667,2.66666666666667,2.66666666666667
